City_ID,City,Country,Date,Lat,Lng,Max Temp,Humidity,Cloudiness,Wind Speed
0,Bambous Virieux,MU,2022-20-09/19/22 15:20:51,-20.3428,57.7575,72.21,78,75,10.36
1,Phan Thiet,VN,2022-16-09/19/22 15:16:55,10.9333,108.1,79.18,81,79,8.46
2,Avarua,CK,2022-20-09/19/22 15:20:29,-21.2078,-159.775,73.45,83,100,2.3
3,Kushima,JP,2022-20-09/19/22 15:20:55,31.4583,131.2333,71.2,89,100,9.19
4,Mount Isa,AU,2022-20-09/19/22 15:20:55,-20.7333,139.5,73.17,46,30,0.0
5,Provideniya,RU,2022-20-09/19/22 15:20:56,64.3833,-173.3,40.14,84,100,0.38
6,Raudeberg,NO,2022-20-09/19/22 15:20:58,61.9875,5.1352,52.47,67,68,21.07
7,Chifeng,CN,2022-20-09/19/22 15:20:58,42.2683,118.9636,46.62,31,92,3.91
8,Geraldton,AU,2022-20-09/19/22 15:20:48,-28.7667,114.6,59.41,63,100,11.5
9,Busselton,AU,2022-21-09/19/22 15:21:00,-33.65,115.3333,55.44,71,99,9.6
10,Merauke,ID,2022-21-09/19/22 15:21:01,-8.4667,140.3333,78.98,88,79,13.82
11,Butaritari,KI,2022-21-09/19/22 15:21:01,3.0707,172.7902,81.68,74,84,19.33
12,Monrovia,LR,2022-16-09/19/22 15:16:39,6.3005,-10.7969,80.37,70,55,11.14
13,Taoudenni,ML,2022-21-09/19/22 15:21:02,22.6783,-3.9836,107.53,11,7,7.85
14,Cadillac,US,2022-21-09/19/22 15:21:03,44.2519,-85.4012,67.91,64,40,10.36
15,Viedma,AR,2022-21-09/19/22 15:21:04,-40.8135,-62.9967,46.85,93,100,21.34
16,Cabo San Lucas,MX,2022-21-09/19/22 15:21:04,22.8909,-109.9124,81.52,87,100,8.05
17,Carnarvon,AU,2022-21-09/19/22 15:21:05,-24.8667,113.6333,62.96,55,0,20.54
18,Castro,BR,2022-21-09/19/22 15:21:06,-24.7911,-50.0119,66.78,57,100,5.46
19,Haines Junction,CA,2022-21-09/19/22 15:21:07,60.7522,-137.5108,24.75,93,43,2.3
20,Kodiak,US,2022-21-09/19/22 15:21:07,57.79,-152.4072,54.91,82,100,12.66
21,Arraial Do Cabo,BR,2022-18-09/19/22 15:18:23,-22.9661,-42.0278,78.76,56,0,9.22
22,Ilulissat,GL,2022-21-09/19/22 15:21:08,69.2167,-51.1,33.82,100,75,5.75
23,Clarence Town,AU,2022-21-09/19/22 15:21:09,-32.5833,151.7833,60.85,86,1,2.57
24,Nikolskoye,RU,2022-21-09/19/22 15:21:09,59.7035,30.7861,51.69,92,100,15.82
25,Cape Town,ZA,2022-19-09/19/22 15:19:52,-33.9258,18.4232,64.11,60,75,8.05
26,Sao Jose Da Coroa Grande,BR,2022-21-09/19/22 15:21:12,-8.8978,-35.1478,80.85,59,81,8.41
27,Mar Del Plata,AR,2022-19-09/19/22 15:19:06,-38.0023,-57.5575,55.42,97,100,12.66
28,Aklavik,CA,2022-21-09/19/22 15:21:12,68.2191,-135.0107,39.2,100,40,3.44
29,Whitianga,NZ,2022-21-09/19/22 15:21:13,-36.8333,175.7,58.87,94,98,10.96
30,Prado,BR,2022-21-09/19/22 15:21:14,-17.3411,-39.2208,74.86,61,93,6.82
31,Udachnyy,RU,2022-21-09/19/22 15:21:15,66.4167,112.4,32.58,99,100,6.06
32,Khorinsk,RU,2022-21-09/19/22 15:21:15,52.1657,109.7726,42.73,58,53,2.93
33,Buenos Aires,AR,2022-20-09/19/22 15:20:25,-34.6132,-58.3772,70.0,64,40,8.05
34,Buchanan,LR,2022-21-09/19/22 15:21:16,5.8808,-10.0467,80.89,70,43,10.63
35,Bredasdorp,ZA,2022-21-09/19/22 15:21:17,-34.5322,20.0403,62.04,48,41,14.38
36,Ushuaia,AR,2022-20-09/19/22 15:20:29,-54.8,-68.3,40.66,65,0,3.44
37,Mataura,NZ,2022-21-09/19/22 15:21:18,-46.1927,168.8643,46.47,90,80,2.98
38,Yellowknife,CA,2022-21-09/19/22 15:21:03,62.456,-114.3525,44.56,93,40,5.01
39,Rikitea,PF,2022-21-09/19/22 15:21:20,-23.1203,-134.9692,72.48,76,58,16.71
40,Natal,BR,2022-21-09/19/22 15:21:20,-5.795,-35.2094,88.02,42,20,16.11
41,Thinadhoo,MV,2022-21-09/19/22 15:21:22,0.5333,72.9333,83.21,70,75,8.21
42,Hami,CN,2022-21-09/19/22 15:21:23,42.8,93.45,71.06,15,2,3.38
43,Marsa Matruh,EG,2022-21-09/19/22 15:21:24,31.3525,27.2453,80.02,63,0,17.49
44,Hobart,AU,2022-20-09/19/22 15:20:52,-42.8794,147.3294,46.06,88,80,8.05
45,Le Port,RE,2022-22-09/19/22 15:22:25,-20.9373,55.2919,73.4,77,86,5.64
46,Huai Thalaeng,TH,2022-22-09/19/22 15:22:26,14.997,102.6475,73.76,97,100,8.86
47,Yar-Sale,RU,2022-22-09/19/22 15:22:26,66.8333,70.8333,42.6,87,100,6.78
48,Petropavlovsk-Kamchatskiy,RU,2022-22-09/19/22 15:22:27,53.0452,158.6483,46.99,93,75,4.47
49,Sao Paulo De Olivenca,BR,2022-22-09/19/22 15:22:27,-3.3783,-68.8725,89.29,53,100,3.2
50,Port Alfred,ZA,2022-22-09/19/22 15:22:28,-33.5906,26.891,59.18,87,100,7.0
51,Qaanaaq,GL,2022-22-09/19/22 15:22:28,77.484,-69.3632,27.37,58,99,6.24
52,Saint-Philippe,RE,2022-22-09/19/22 15:22:29,-21.3585,55.7679,72.99,79,36,11.74
53,Punta Arenas,CL,2022-22-09/19/22 15:22:30,-53.15,-70.9167,41.11,81,20,9.22
54,Naryan-Mar,RU,2022-22-09/19/22 15:22:30,67.6713,53.087,49.08,89,75,8.21
55,Klaksvik,FO,2022-22-09/19/22 15:22:31,62.2266,-6.589,50.92,90,95,21.61
56,Niles,US,2022-20-09/19/22 15:20:37,42.0189,-87.8028,75.15,80,40,9.22
57,Xining,CN,2022-22-09/19/22 15:22:31,36.6167,101.7667,49.33,88,100,2.59
58,Matamoros,MX,2022-22-09/19/22 15:22:32,25.5333,-103.25,77.11,57,40,0.0
59,Ribeira Grande,PT,2022-22-09/19/22 15:22:32,38.5167,-28.7,81.0,78,40,14.97
60,Port Elizabeth,ZA,2022-22-09/19/22 15:22:05,-33.918,25.5701,58.32,85,100,17.27
61,Hermanus,ZA,2022-22-09/19/22 15:22:33,-34.4187,19.2345,61.81,65,43,11.14
62,Constitucion,CL,2022-22-09/19/22 15:22:34,-35.3333,-72.4167,52.48,54,96,9.13
63,Khatanga,RU,2022-22-09/19/22 15:22:34,71.9667,102.5,28.26,91,50,12.5
64,Grand Gaube,MU,2022-22-09/19/22 15:22:35,-20.0064,57.6608,72.37,68,1,10.0
65,Camacha,PT,2022-22-09/19/22 15:22:36,33.0833,-16.3333,74.62,61,20,9.22
66,Tiarei,PF,2022-22-09/19/22 15:22:37,-17.5333,-149.3333,71.62,75,9,18.05
67,Khor,RU,2022-22-09/19/22 15:22:38,47.8861,134.9464,36.01,67,28,16.53
68,Kalabo,ZM,2022-22-09/19/22 15:22:38,-14.97,22.6814,90.9,21,81,8.05
69,Santa Cruz Del Sur,CU,2022-22-09/19/22 15:22:39,20.7147,-77.9956,87.57,55,3,10.76
70,Whitehorse,CA,2022-22-09/19/22 15:22:39,60.7161,-135.0538,34.81,86,20,2.3
71,Katsina,NG,2022-22-09/19/22 15:22:40,12.9894,7.6006,85.77,52,99,9.98
72,Katsuura,JP,2022-22-09/19/22 15:22:40,35.1333,140.3,80.38,89,100,28.74
73,Matara,LK,2022-22-09/19/22 15:22:43,5.9485,80.5353,79.27,85,100,10.49
74,Saint-Augustin,CA,2022-22-09/19/22 15:22:44,51.226,-58.6502,48.47,56,100,14.14
75,Ponta Do Sol,PT,2022-22-09/19/22 15:22:45,32.6667,-17.1,77.72,81,60,3.56
76,Severo-Kurilsk,RU,2022-22-09/19/22 15:22:45,50.6789,156.125,53.69,98,100,20.56
77,Te Anau,NZ,2022-22-09/19/22 15:22:46,-45.4167,167.7167,46.87,94,86,2.13
78,Roald,NO,2022-22-09/19/22 15:22:46,62.5833,6.1333,55.76,76,75,9.22
79,Novaci,RO,2022-22-09/19/22 15:22:47,45.1833,23.6667,54.05,74,100,6.53
80,Lompoc,US,2022-22-09/19/22 15:22:48,34.6391,-120.4579,66.34,96,100,3.0
81,Tautira,PF,2022-22-09/19/22 15:22:49,-17.7333,-149.15,77.04,75,21,18.07
82,Iqaluit,CA,2022-21-09/19/22 15:21:47,63.7506,-68.5145,47.93,70,75,12.66
83,Raga,SS,2022-22-09/19/22 15:22:50,8.4596,25.678,81.88,83,52,2.91
84,Tezu,IN,2022-19-09/19/22 15:19:13,27.9167,96.1667,77.4,94,71,4.21
85,Bako,ET,2022-22-09/19/22 15:22:51,5.7833,36.5667,76.82,46,70,5.06
86,Taywarah,AF,2022-22-09/19/22 15:22:51,33.35,64.4167,57.24,17,0,3.85
87,Albany,US,2022-22-09/19/22 15:22:21,42.6001,-73.9662,77.95,81,79,4.41
88,Victoria,HK,2022-19-09/19/22 15:19:51,22.2855,114.1577,88.18,78,53,1.99
89,Alpine,US,2022-22-09/19/22 15:22:52,32.835,-116.7664,65.66,84,100,0.0
90,Coquimbo,CL,2022-19-09/19/22 15:19:24,-29.9533,-71.3436,56.93,76,0,13.8
91,Hasaki,JP,2022-23-09/19/22 15:23:53,35.7333,140.8333,81.28,88,100,30.87
92,Mangrol,IN,2022-23-09/19/22 15:23:54,21.1167,70.1167,80.55,78,3,9.69
93,Anacortes,US,2022-23-09/19/22 15:23:54,48.5126,-122.6127,57.51,89,0,1.01
94,Butte,US,2022-23-09/19/22 15:23:55,39.6499,-121.5677,61.02,89,100,3.44
95,Kapaa,US,2022-23-09/19/22 15:23:55,22.0752,-159.319,78.1,81,75,13.8
96,Ahipara,NZ,2022-23-09/19/22 15:23:08,-35.1667,173.1667,58.68,97,100,5.03
97,Kabanjahe,ID,2022-23-09/19/22 15:23:56,3.1001,98.4908,63.73,92,98,1.36
98,Nambucca Heads,AU,2022-23-09/19/22 15:23:57,-30.65,153.0,60.8,70,0,8.05
99,Griffith,US,2022-23-09/19/22 15:23:57,41.5284,-87.4237,77.14,82,100,9.22
100,Saryozek,KZ,2022-23-09/19/22 15:23:58,44.3583,77.9753,64.98,29,6,4.81
101,Touba,CI,2022-23-09/19/22 15:23:58,8.2833,-7.6833,79.88,69,76,6.71
102,Kaitangata,NZ,2022-23-09/19/22 15:23:59,-46.2817,169.8464,45.3,92,33,4.9
103,Fremont,US,2022-21-09/19/22 15:21:17,37.5483,-121.9886,63.46,92,100,5.75
104,Touros,BR,2022-24-09/19/22 15:24:00,-5.1989,-35.4608,85.48,53,66,17.78
105,Festus,US,2022-24-09/19/22 15:24:01,38.2206,-90.396,86.49,52,71,9.78
106,Rawson,AR,2022-20-09/19/22 15:20:57,-43.3002,-65.1023,40.35,95,100,25.43
107,Varkaus,FI,2022-24-09/19/22 15:24:01,62.3153,27.873,53.31,78,100,10.78
108,Ilhabela,BR,2022-24-09/19/22 15:24:02,-23.7781,-45.3581,70.72,64,3,8.25
109,Vaini,TO,2022-24-09/19/22 15:24:03,-21.2,-175.2,73.56,83,20,6.91
110,Pisco,PE,2022-24-09/19/22 15:24:03,-13.7,-76.2167,60.03,94,100,6.91
111,Poum,NC,2022-24-09/19/22 15:24:04,-20.2333,164.0167,75.02,76,6,12.66
112,Alofi,NU,2022-24-09/19/22 15:24:05,-19.0595,-169.9187,71.49,94,35,4.61
113,Bengkulu,ID,2022-24-09/19/22 15:24:05,-3.8004,102.2655,75.6,89,98,5.82
114,Rocha,UY,2022-24-09/19/22 15:24:06,-34.4833,-54.3333,63.57,74,100,3.98
115,Cidreira,BR,2022-24-09/19/22 15:24:07,-30.1811,-50.2056,62.96,73,100,11.72
116,Acapulco,MX,2022-24-09/19/22 15:24:08,16.8634,-99.8901,80.42,78,100,3.44
117,Airai,TL,2022-20-09/19/22 15:20:40,-8.9266,125.4092,61.5,92,100,1.95
118,Margate,GB,2022-24-09/19/22 15:24:09,51.3813,1.3862,66.69,59,15,4.0
119,Arlit,NE,2022-24-09/19/22 15:24:10,18.7369,7.3853,82.62,44,57,24.94
120,North Branch,US,2022-24-09/19/22 15:24:11,45.5113,-92.9802,69.08,85,26,5.01
121,Borisoglebskiy,RU,2022-24-09/19/22 15:24:12,57.2586,39.1508,49.89,84,100,24.45
122,Cayenne,GF,2022-24-09/19/22 15:24:13,4.9333,-52.3333,91.44,55,40,4.61
123,Gubkinskiy,RU,2022-24-09/19/22 15:24:14,64.434,76.5026,47.25,87,88,14.88
124,Chokurdakh,RU,2022-24-09/19/22 15:24:14,70.6333,147.9167,34.97,65,100,15.52
125,Irsha,RU,2022-24-09/19/22 15:24:15,55.9269,94.7911,50.59,64,100,9.28
126,Bubaque,GW,2022-24-09/19/22 15:24:17,11.2833,-15.8333,80.33,77,99,12.08
127,Thompson,CA,2022-24-09/19/22 15:24:18,55.7435,-97.8558,51.96,100,75,5.75
128,Robertsport,LR,2022-20-09/19/22 15:20:23,6.7533,-11.3686,78.87,76,72,11.54
129,Malinyi,TZ,2022-24-09/19/22 15:24:19,-8.9333,36.1333,87.04,36,6,5.32
130,Chambersburg,US,2022-24-09/19/22 15:24:20,39.9376,-77.6611,80.28,70,7,8.99
131,Tura,IN,2022-23-09/19/22 15:23:47,25.5198,90.2201,75.02,96,27,2.55
132,Tasiilaq,GL,2022-24-09/19/22 15:24:22,65.6145,-37.6368,44.76,96,100,3.74
133,Fortuna,US,2022-24-09/19/22 15:24:22,40.5982,-124.1573,55.92,92,36,1.01
134,Hovd,MN,2022-21-09/19/22 15:21:54,48.0056,91.6419,47.48,41,0,0.29
135,Parambu,BR,2022-24-09/19/22 15:24:24,-6.2111,-40.6944,92.61,23,85,8.52
136,Vallenar,CL,2022-24-09/19/22 15:24:25,-28.5708,-70.7581,68.72,24,0,4.81
137,Nizhniy Tsasuchey,RU,2022-24-09/19/22 15:24:25,50.5167,115.1333,47.7,45,100,6.08
138,Noumea,NC,2022-19-09/19/22 15:19:51,-22.2763,166.4572,66.18,84,0,7.09
139,Syracuse,IT,2022-25-09/19/22 15:25:26,37.0881,15.2792,89.19,55,30,12.86
140,Barrow,US,2022-21-09/19/22 15:21:07,71.2906,-156.7887,39.22,93,75,8.05
141,New Norfolk,AU,2022-25-09/19/22 15:25:27,-42.7826,147.0587,45.72,76,99,2.8
142,Bluff,NZ,2022-25-09/19/22 15:25:28,-46.6,168.3333,46.8,82,95,8.41
143,Walvis Bay,NA,2022-25-09/19/22 15:25:29,-22.9575,14.5053,68.95,45,0,20.71
144,Tuktoyaktuk,CA,2022-20-09/19/22 15:20:54,69.4541,-133.0374,41.0,87,75,9.22
145,Omagh,GB,2022-25-09/19/22 15:25:30,54.6,-7.3,62.01,65,97,3.51
146,Hithadhoo,MV,2022-21-09/19/22 15:21:16,-0.6,73.0833,82.54,74,84,9.48
147,Bela,IN,2022-24-09/19/22 15:24:48,25.9333,81.9833,84.09,71,21,4.88
148,Gorom-Gorom,BF,2022-25-09/19/22 15:25:32,14.4439,-0.2361,96.24,33,16,5.3
149,Ntungamo,UG,2022-25-09/19/22 15:25:32,-0.8833,29.65,69.73,89,98,1.81
150,Bethel,US,2022-20-09/19/22 15:20:40,41.3712,-73.414,81.55,66,0,6.91
151,Najran,SA,2022-22-09/19/22 15:22:52,17.4924,44.1277,93.85,14,72,12.44
152,Saint-Joseph,RE,2022-21-09/19/22 15:21:41,-21.3667,55.6167,71.98,76,45,12.8
153,Iaciara,BR,2022-25-09/19/22 15:25:34,-14.0958,-46.6317,91.18,32,29,8.03
154,Teya,RU,2022-25-09/19/22 15:25:35,60.3778,92.6267,45.46,96,100,10.45
155,Clinton,US,2022-25-09/19/22 15:25:35,42.587,-82.9199,78.94,75,20,6.91
156,Solnechnyy,RU,2022-25-09/19/22 15:25:36,50.7214,136.6319,36.93,87,100,1.63
157,Liberta,AG,2022-25-09/19/22 15:25:37,17.0333,-61.7833,85.08,71,40,10.36
158,Atuona,PF,2022-25-09/19/22 15:25:37,-9.8,-139.0333,76.06,77,34,20.02
159,Vanimo,PG,2022-25-09/19/22 15:25:37,-2.6741,141.3028,78.37,83,62,4.63
160,Esperance,AU,2022-25-09/19/22 15:25:38,-33.8667,121.9,53.44,80,59,18.63
161,Namatanai,PG,2022-25-09/19/22 15:25:39,-3.6667,152.4333,78.1,82,98,6.71
162,Tymovskoye,RU,2022-25-09/19/22 15:25:39,50.8456,142.655,48.65,86,100,3.76
163,Pontianak,ID,2022-25-09/19/22 15:25:40,-0.0333,109.3333,75.18,100,40,3.44
164,Barra,BR,2022-25-09/19/22 15:25:40,-11.0894,-43.1417,87.53,40,79,7.61
165,Sioux Lookout,CA,2022-23-09/19/22 15:23:42,50.1001,-91.917,57.27,100,75,2.3
166,Srednekolymsk,RU,2022-25-09/19/22 15:25:41,67.45,153.6833,39.42,54,97,8.16
167,Batagay-Alyta,RU,2022-25-09/19/22 15:25:43,67.8006,130.4114,23.79,60,13,4.45
168,Goderich,CA,2022-25-09/19/22 15:25:43,43.7501,-81.7165,70.92,88,40,12.66
169,Saint Anthony,US,2022-23-09/19/22 15:23:08,45.0205,-93.218,70.79,81,0,6.91
170,Kattivakkam,IN,2022-25-09/19/22 15:25:44,13.2167,80.3167,86.09,65,100,10.38
171,Ust-Nera,RU,2022-22-09/19/22 15:22:37,64.5667,143.2,33.66,91,98,4.23
172,Ambunti,PG,2022-25-09/19/22 15:25:46,-4.2365,142.8448,74.41,94,87,2.04
173,Kuryk,KZ,2022-25-09/19/22 15:25:46,43.2,51.65,81.81,28,0,7.16
174,Kamaishi,JP,2022-25-09/19/22 15:25:47,39.2667,141.8833,76.44,91,100,24.23
175,Luwuk,ID,2022-25-09/19/22 15:25:49,-0.9516,122.7875,77.09,89,40,4.12
176,Chachapoyas,PE,2022-25-09/19/22 15:25:49,-6.2317,-77.869,65.64,61,87,2.28
177,Topeka,US,2022-21-09/19/22 15:21:50,39.0483,-95.678,86.49,58,0,11.5
178,San Felipe,VE,2022-25-09/19/22 15:25:51,10.3399,-68.7425,92.1,43,37,2.42
179,Ust-Ishim,RU,2022-25-09/19/22 15:25:51,57.6935,71.1665,58.41,73,99,1.14
180,Datong,CN,2022-25-09/19/22 15:25:52,40.0936,113.2914,53.22,55,97,1.99
181,Jamestown,US,2022-25-09/19/22 15:25:27,42.097,-79.2353,65.01,75,100,9.22
182,Farafangana,MG,2022-25-09/19/22 15:25:53,-22.8167,47.8333,71.11,79,0,9.82
183,Alberton,CA,2022-25-09/19/22 15:25:53,46.8168,-64.0654,59.13,54,3,10.45
184,Sur,OM,2022-25-09/19/22 15:25:53,22.5667,59.5289,84.81,66,0,11.88
185,Dunedin,NZ,2022-26-09/19/22 15:26:54,-45.8742,170.5036,50.81,69,79,1.99
186,East London,ZA,2022-25-09/19/22 15:25:59,-33.0153,27.9116,58.14,88,20,10.36
187,Upernavik,GL,2022-26-09/19/22 15:26:55,72.7868,-56.1549,34.0,77,100,7.61
188,Moundou,TD,2022-26-09/19/22 15:26:55,8.5667,16.0833,91.63,79,20,4.61
189,Saskylakh,RU,2022-26-09/19/22 15:26:56,71.9167,114.0833,28.67,97,87,9.06
190,Port Hardy,CA,2022-22-09/19/22 15:22:54,50.6996,-127.4199,51.98,93,100,4.61
191,Las Vegas,US,2022-24-09/19/22 15:24:56,36.175,-115.1372,79.68,23,0,5.75
192,Vilhena,BR,2022-26-09/19/22 15:26:57,-12.7406,-60.1458,86.22,58,20,12.66
193,Manta,EC,2022-26-09/19/22 15:26:57,-0.95,-80.7333,74.98,83,100,6.91
194,Korla,CN,2022-26-09/19/22 15:26:58,41.7597,86.1469,74.79,17,1,5.48
195,Micheweni,TZ,2022-26-09/19/22 15:26:58,-4.9667,39.8333,77.4,78,45,11.36
196,Tiksi,RU,2022-26-09/19/22 15:26:59,71.6872,128.8694,34.18,99,100,17.92
197,Mahebourg,MU,2022-26-09/19/22 15:26:59,-20.4081,57.7,72.25,78,75,10.36
198,Okhotsk,RU,2022-27-09/19/22 15:27:00,59.3833,143.3,42.06,83,100,27.07
199,Karratha,AU,2022-27-09/19/22 15:27:00,-20.7377,116.8463,72.12,31,1,17.29
200,Koslan,RU,2022-24-09/19/22 15:24:09,63.4564,48.8989,52.54,86,100,12.64
201,Hilo,US,2022-23-09/19/22 15:23:15,19.7297,-155.09,71.26,90,75,5.75
202,Sao Miguel Do Araguaia,BR,2022-27-09/19/22 15:27:02,-13.275,-50.1628,95.27,30,59,4.54
203,Izberbash,RU,2022-27-09/19/22 15:27:03,42.5696,47.8645,75.25,73,11,4.97
204,Icod De Los Vinos,ES,2022-27-09/19/22 15:27:03,28.3724,-16.7119,77.38,80,48,3.69
205,Kaihua,CN,2022-27-09/19/22 15:27:04,23.3687,104.28,66.61,90,4,2.93
206,Guerrero Negro,MX,2022-27-09/19/22 15:27:04,27.9769,-114.0611,69.03,78,75,14.29
207,Sitka,US,2022-27-09/19/22 15:27:05,57.0531,-135.33,48.09,87,20,0.0
208,Gayeri,BF,2022-27-09/19/22 15:27:06,12.6497,0.4931,88.32,52,64,0.92
209,Almazar,UZ,2022-27-09/19/22 15:27:06,40.3217,69.0106,77.34,21,0,6.15
210,Umm Kaddadah,SD,2022-27-09/19/22 15:27:07,13.6017,26.6876,97.45,24,99,9.78
211,Kieta,PG,2022-27-09/19/22 15:27:07,-6.2167,155.6333,78.08,83,100,2.35
212,Iquitos,PE,2022-24-09/19/22 15:24:50,-3.7481,-73.2472,89.64,79,0,5.75
213,Lebu,CL,2022-27-09/19/22 15:27:08,-37.6167,-73.65,48.69,61,7,7.16
214,Abha,SA,2022-22-09/19/22 15:22:56,18.2164,42.5053,71.42,52,40,11.5
215,Maracas,BR,2022-27-09/19/22 15:27:09,-13.4411,-40.4308,77.05,47,81,6.35
216,Fort Nelson,CA,2022-27-09/19/22 15:27:10,58.8053,-122.7002,44.19,93,75,0.0
217,Leningradskiy,RU,2022-27-09/19/22 15:27:10,69.3833,178.4167,32.4,96,100,19.84
218,Saldanha,ZA,2022-27-09/19/22 15:27:11,-33.0117,17.9442,62.65,74,1,15.77
219,Patacamaya,BO,2022-27-09/19/22 15:27:11,-17.2333,-67.9167,57.22,9,19,5.48
220,Brownsville,US,2022-26-09/19/22 15:26:09,25.9018,-97.4975,86.09,81,0,3.44
221,Sarkikaraagac,TR,2022-27-09/19/22 15:27:12,38.0794,31.3664,76.08,35,32,6.55
222,Georgetown,MY,2022-27-09/19/22 15:27:15,5.4112,100.3354,83.89,82,20,2.3
223,Manacapuru,BR,2022-27-09/19/22 15:27:17,-3.2997,-60.6206,90.01,51,7,1.92
224,La Ronge,CA,2022-27-09/19/22 15:27:17,55.1001,-105.2842,52.02,93,75,4.61
225,Menongue,AO,2022-27-09/19/22 15:27:18,-14.6585,17.691,92.25,10,4,6.38
226,Souillac,MU,2022-27-09/19/22 15:27:19,-20.5167,57.5167,71.98,78,75,10.36
227,Palauig,PH,2022-27-09/19/22 15:27:19,15.435,119.9045,79.83,82,100,7.34
228,Kargat,RU,2022-27-09/19/22 15:27:20,55.1956,80.2811,58.5,39,90,10.22
229,Torbay,CA,2022-22-09/19/22 15:22:40,47.6666,-52.7314,59.58,66,75,20.71
230,Asfi,MA,2022-27-09/19/22 15:27:20,32.2994,-9.2372,73.85,70,3,11.54
231,Muli,MV,2022-27-09/19/22 15:27:21,2.9167,73.5667,82.56,69,100,9.26
232,Koscierzyna,PL,2022-28-09/19/22 15:28:22,54.1223,17.9812,60.12,69,46,11.23
233,Sorland,NO,2022-28-09/19/22 15:28:23,67.667,12.6934,49.86,67,99,25.95
234,Cabedelo,BR,2022-28-09/19/22 15:28:25,-6.9811,-34.8339,86.67,57,48,14.14
235,Bodden Town,KY,2022-28-09/19/22 15:28:26,19.2833,-81.25,90.0,76,40,3.44
236,Vila Do Maio,CV,2022-28-09/19/22 15:28:26,15.1333,-23.2167,83.19,70,68,12.88
237,Tabou,CI,2022-28-09/19/22 15:28:27,4.423,-7.3528,79.14,78,73,11.32
238,Kavaratti,IN,2022-28-09/19/22 15:28:28,10.5669,72.642,81.28,77,92,13.51
239,Campbell River,CA,2022-28-09/19/22 15:28:28,50.0163,-125.2446,52.27,87,20,8.05
240,Makakilo City,US,2022-28-09/19/22 15:28:29,21.3469,-158.0858,77.32,75,0,9.22
241,Xichang,CN,2022-28-09/19/22 15:28:29,27.8964,102.2634,68.56,92,99,2.91
242,Yumen,CN,2022-28-09/19/22 15:28:30,40.2833,97.2,65.5,42,0,11.36
243,Manica,FR,2022-28-09/19/22 15:28:31,49.0,-1.1667,64.9,50,76,6.49
244,Deer Lake,CA,2022-28-09/19/22 15:28:31,49.1667,-57.4316,53.46,58,75,10.36
245,Port Blair,IN,2022-28-09/19/22 15:28:32,11.6667,92.75,82.44,83,75,4.61
246,Harper,LR,2022-28-09/19/22 15:28:33,4.375,-7.7169,79.81,75,61,11.34
247,Ginda,IN,2022-28-09/19/22 15:28:33,30.6945,78.4932,65.97,87,95,2.75
248,Lorengau,PG,2022-28-09/19/22 15:28:34,-2.0226,147.2712,80.22,83,48,8.05
249,Katangli,RU,2022-28-09/19/22 15:28:35,51.7102,143.2326,49.78,77,100,9.57
250,Puerto Ayora,EC,2022-24-09/19/22 15:24:44,-0.7393,-90.3518,68.56,87,90,8.01
251,Krasnoselkup,RU,2022-28-09/19/22 15:28:35,65.7,82.4667,45.21,92,99,16.75
252,Zeya,RU,2022-28-09/19/22 15:28:36,53.75,127.2667,31.42,65,1,8.77
253,Dawei,MM,2022-28-09/19/22 15:28:37,14.0833,98.2,73.53,89,100,0.63
254,Kolokani,ML,2022-28-09/19/22 15:28:37,13.5728,-8.0339,86.94,54,69,2.82
255,Fort Dix,US,2022-24-09/19/22 15:24:13,40.0298,-74.6185,85.71,58,0,5.75
256,Manhattan,US,2022-24-09/19/22 15:24:36,40.7834,-73.9662,86.13,55,0,8.05
257,Esil,KZ,2022-28-09/19/22 15:28:38,51.9556,66.4042,64.24,23,0,3.6
258,Imbituba,BR,2022-28-09/19/22 15:28:33,-28.24,-48.6703,69.85,55,100,14.05
259,Flinders,AU,2022-28-09/19/22 15:28:39,-34.5833,150.8552,53.06,70,0,3.0
260,Terme,TR,2022-28-09/19/22 15:28:40,41.2092,36.9739,64.33,79,100,2.28
261,Manggar,ID,2022-28-09/19/22 15:28:41,-2.8833,108.2667,77.56,83,100,4.7
262,Meulaboh,ID,2022-28-09/19/22 15:28:42,4.1363,96.1285,77.47,85,92,2.26
263,Hambantota,LK,2022-28-09/19/22 15:28:42,6.1241,81.1185,82.74,78,20,10.36
264,Braganca,BR,2022-27-09/19/22 15:27:26,-1.0536,-46.7656,89.78,53,99,7.85
265,Canton,CN,2022-24-09/19/22 15:24:11,23.1167,113.25,90.88,56,43,2.17
266,Ajdabiya,LY,2022-23-09/19/22 15:23:53,30.7554,20.2263,85.73,46,0,12.28
267,Broome,US,2022-28-09/19/22 15:28:43,42.2506,-75.833,76.01,77,100,8.99
268,Mount Hagen,PG,2022-28-09/19/22 15:28:45,-5.8581,144.2274,58.33,98,92,0.58
269,Porto Novo,BJ,2022-28-09/19/22 15:28:45,6.4965,2.6036,78.62,89,98,11.18
270,Kabinda,CD,2022-28-09/19/22 15:28:46,-6.1333,24.4833,80.08,55,100,3.67
271,Ewa Beach,US,2022-28-09/19/22 15:28:48,21.3156,-158.0072,78.75,74,0,9.22
272,Sao Filipe,CV,2022-28-09/19/22 15:28:48,14.8961,-24.4956,79.18,72,100,8.03
273,Talnakh,RU,2022-28-09/19/22 15:28:49,69.4865,88.3972,31.21,79,69,16.62
274,Alindao,CF,2022-28-09/19/22 15:28:49,5.0267,21.2088,80.06,88,49,0.31
275,Les Cayes,HT,2022-28-09/19/22 15:28:50,18.2,-73.75,89.87,54,46,11.81
276,Pevek,RU,2022-28-09/19/22 15:28:50,69.7008,170.3133,32.18,87,100,9.82
277,Aden,YE,2022-28-09/19/22 15:28:51,12.7794,45.0367,88.65,78,71,0.34
278,Rio Casca,BR,2022-28-09/19/22 15:28:51,-20.2261,-42.6508,81.07,42,41,8.1
279,Mehamn,NO,2022-29-09/19/22 15:29:52,71.0357,27.8492,44.51,80,100,19.86
280,Kruisfontein,ZA,2022-29-09/19/22 15:29:53,-34.0033,24.7314,55.89,72,96,15.41
281,Gander,CA,2022-29-09/19/22 15:29:55,48.9682,-54.5906,51.93,62,75,9.22
282,Caravelas,BR,2022-29-09/19/22 15:29:55,-17.7125,-39.2481,75.54,56,94,5.95
283,Balikpapan,ID,2022-29-09/19/22 15:29:56,-1.2675,116.8289,74.39,94,20,0.0
284,Takoradi,GH,2022-29-09/19/22 15:29:56,4.8845,-1.7554,78.01,81,81,13.4
285,Narsaq,GL,2022-29-09/19/22 15:29:57,60.9167,-46.05,57.42,82,87,8.68
286,Rabo De Peixe,PT,2022-29-09/19/22 15:29:57,37.8,-25.5833,78.31,65,20,10.36
287,Dikson,RU,2022-29-09/19/22 15:29:58,73.5069,80.5464,34.38,68,100,13.11
288,Mount Gambier,AU,2022-29-09/19/22 15:29:58,-37.8333,140.7667,43.39,91,0,7.58
289,Nishihara,JP,2022-27-09/19/22 15:27:01,26.1842,127.7558,80.26,78,100,14.97
290,Port Hedland,AU,2022-29-09/19/22 15:29:59,-20.3167,118.5667,64.45,82,10,5.75
291,Superior,US,2022-30-09/19/22 15:30:00,46.7208,-92.1041,71.33,83,0,10.36
292,Xiongyue,CN,2022-30-09/19/22 15:30:00,40.1774,122.1228,56.23,62,11,13.27
293,Nalbari,IN,2022-30-09/19/22 15:30:01,26.4456,91.4354,82.38,81,11,6.22
294,Kavieng,PG,2022-30-09/19/22 15:30:01,-2.5744,150.7967,80.1,78,98,8.55
295,Tommot,RU,2022-30-09/19/22 15:30:02,58.9564,126.2925,26.74,72,62,2.86
296,Soyo,AO,2022-30-09/19/22 15:30:03,-6.1349,12.3689,76.57,79,75,10.92
297,Rockland,US,2022-30-09/19/22 15:30:04,41.1668,-74.0496,84.34,64,70,1.01
298,Santa Isabel,BR,2022-30-09/19/22 15:30:05,-23.3156,-46.2214,73.11,28,14,3.2
299,Beringovskiy,RU,2022-30-09/19/22 15:30:06,63.05,179.3167,37.33,81,99,11.34
300,Chimbote,PE,2022-30-09/19/22 15:30:07,-9.0853,-78.5783,67.71,73,42,8.95
301,Basoko,CD,2022-30-09/19/22 15:30:08,1.2391,23.616,80.94,68,98,0.96
302,Kenai,US,2022-25-09/19/22 15:25:25,60.5544,-151.2583,49.14,98,100,3.44
303,Vitim,RU,2022-29-09/19/22 15:29:00,59.4511,112.5578,40.93,99,100,7.56
304,Honningsvag,NO,2022-30-09/19/22 15:30:10,70.9821,25.9704,42.55,87,100,16.11
305,Umba,RU,2022-30-09/19/22 15:30:11,66.6871,34.3429,48.67,91,68,5.77
306,Aqtobe,KZ,2022-30-09/19/22 15:30:12,50.2797,57.2072,62.69,31,0,6.71
307,Saint-Leu,RE,2022-30-09/19/22 15:30:13,-21.15,55.2833,72.46,75,73,4.25
308,Sola,VU,2022-30-09/19/22 15:30:14,-13.8833,167.55,79.47,83,51,6.91
309,Moindou,NC,2022-30-09/19/22 15:30:15,-21.6924,165.677,71.98,82,2,4.41
310,Maputo,MZ,2022-30-09/19/22 15:30:16,-25.9653,32.5892,78.48,82,0,16.11
311,Moerai,PF,2022-30-09/19/22 15:30:16,-22.4333,-151.3333,73.0,82,4,4.23
312,Ambilobe,MG,2022-30-09/19/22 15:30:17,-13.2,49.05,73.51,63,1,3.42
313,Paraguacu Paulista,BR,2022-30-09/19/22 15:30:18,-22.4128,-50.5758,90.25,27,6,7.92
314,Carballo,ES,2022-30-09/19/22 15:30:19,43.213,-8.691,88.43,71,1,3.91
315,Necochea,AR,2022-30-09/19/22 15:30:07,-38.5473,-58.7368,52.5,95,100,13.44
316,Codrington,AU,2022-30-09/19/22 15:30:20,-38.2667,141.9667,43.21,92,1,9.17
317,Marrakesh,MA,2022-30-09/19/22 15:30:21,31.6315,-8.0083,84.27,45,75,5.75
318,West Wendover,US,2022-30-09/19/22 15:30:22,40.7391,-114.0733,60.01,44,0,6.91
319,Laguna,US,2022-27-09/19/22 15:27:32,38.421,-121.4238,65.05,93,100,5.75
320,Vostok,RU,2022-30-09/19/22 15:30:23,46.4856,135.8833,31.46,77,77,11.77
321,Tibati,CM,2022-30-09/19/22 15:30:24,6.4667,12.6333,69.13,93,100,3.22
322,Sao Joao Da Barra,BR,2022-30-09/19/22 15:30:25,-21.6403,-41.0511,78.89,61,0,10.58
323,Creel,MX,2022-30-09/19/22 15:30:25,27.75,-107.6333,66.02,64,59,10.58
324,Daru,PG,2022-26-09/19/22 15:26:56,-9.0763,143.2092,79.74,86,99,16.31
325,Batagay,RU,2022-30-09/19/22 15:30:26,67.6333,134.6333,20.66,97,38,0.92
326,Longyearbyen,SJ,2022-30-09/19/22 15:30:27,78.2186,15.6401,26.44,74,20,4.61
327,Marsh Harbour,BS,2022-31-09/19/22 15:31:28,26.5412,-77.0636,84.25,69,61,9.22
328,Bam,IR,2022-28-09/19/22 15:28:13,29.106,58.357,88.81,14,62,4.68
329,Maceio,BR,2022-31-09/19/22 15:31:29,-9.6658,-35.7353,83.64,54,40,10.36
330,Broken Hill,AU,2022-27-09/19/22 15:27:40,-31.95,141.4333,55.96,52,0,12.33
331,Araouane,ML,2022-31-09/19/22 15:31:29,18.9048,-3.5265,102.65,15,100,5.88
332,Parry Sound,CA,2022-31-09/19/22 15:31:30,45.3501,-80.033,68.05,88,72,15.55
333,Ouesso,CG,2022-31-09/19/22 15:31:31,1.6136,16.0517,78.42,86,94,1.39
334,Sonoita,MX,2022-30-09/19/22 15:30:06,31.85,-112.8333,86.0,35,11,4.54
335,Ashland,US,2022-28-09/19/22 15:28:25,40.8167,-82.2665,74.98,93,73,10.94
336,Lavrentiya,RU,2022-31-09/19/22 15:31:32,65.5833,-171.0,36.79,88,100,4.74
337,Cortes,ES,2022-31-09/19/22 15:31:33,41.9395,-1.4396,87.08,19,57,11.95
338,Pulau Sebang,MY,2022-31-09/19/22 15:31:34,2.455,102.2329,80.22,91,89,2.68
339,Kovdor,RU,2022-31-09/19/22 15:31:34,67.5662,30.4758,44.24,98,100,8.88
340,Stornoway,GB,2022-31-09/19/22 15:31:36,58.2093,-6.3865,61.03,81,75,8.05
341,Amos,CA,2022-27-09/19/22 15:27:30,48.5669,-78.1162,52.18,98,100,8.59
342,Cockburn Town,TC,2022-31-09/19/22 15:31:36,21.4612,-71.1419,82.08,78,69,24.2
343,Kirensk,RU,2022-31-09/19/22 15:31:37,57.7853,108.1119,40.89,95,100,6.85
344,Ekhabi,RU,2022-31-09/19/22 15:31:37,53.5102,142.9671,44.02,91,84,6.06
345,Emba,KZ,2022-31-09/19/22 15:31:38,48.8264,58.1442,70.25,16,0,9.24
346,Sechura,PE,2022-31-09/19/22 15:31:38,-5.5569,-80.8222,70.7,70,90,9.55
347,Havelock,US,2022-29-09/19/22 15:29:19,34.8791,-76.9013,84.92,73,40,4.61
348,Henties Bay,NA,2022-31-09/19/22 15:31:39,-22.116,14.2845,56.82,73,0,16.67
349,Doha,QA,2022-26-09/19/22 15:26:56,25.2867,51.5333,91.71,55,0,8.05
350,Clearwater,US,2022-29-09/19/22 15:29:36,27.9659,-82.8001,87.22,75,40,8.05
351,Naze,JP,2022-31-09/19/22 15:31:40,28.3667,129.4833,77.92,87,64,8.5
352,Nampula,MZ,2022-31-09/19/22 15:31:41,-15.1165,39.2666,84.15,39,20,13.8
353,Chuy,UY,2022-31-09/19/22 15:31:41,-33.6971,-53.4616,66.52,71,100,5.14
354,Tuatapere,NZ,2022-31-09/19/22 15:31:42,-46.1333,167.6833,46.99,91,100,5.37
355,Nalhati,IN,2022-31-09/19/22 15:31:42,24.3,87.8167,80.8,84,8,6.06
356,Ostrovnoy,RU,2022-31-09/19/22 15:31:43,68.0531,39.5131,47.48,96,89,8.01
357,Barinitas,VE,2022-31-09/19/22 15:31:43,8.7622,-70.4111,69.28,55,87,6.26
358,Kaeo,NZ,2022-31-09/19/22 15:31:44,-35.1,173.7833,58.46,96,100,4.99
359,Adrar,MR,2022-31-09/19/22 15:31:44,20.5022,-10.0711,97.3,20,45,7.29
360,Hualmay,PE,2022-31-09/19/22 15:31:44,-11.0964,-77.6139,65.73,73,45,9.51
361,Ancud,CL,2022-31-09/19/22 15:31:46,-41.8697,-73.8203,45.23,77,94,7.25
362,Clyde River,CA,2022-31-09/19/22 15:31:47,70.4692,-68.5914,37.63,93,100,18.41
363,Dudinka,RU,2022-30-09/19/22 15:30:42,69.4058,86.1778,31.62,78,16,21.43
364,Puerto Escondido,MX,2022-29-09/19/22 15:29:17,15.85,-97.0667,77.83,65,75,3.44
365,Morehead,US,2022-31-09/19/22 15:31:49,37.2711,-87.1764,67.95,94,100,0.0
366,Taurage,LT,2022-31-09/19/22 15:31:49,55.2522,22.2897,53.76,87,77,9.89
367,Jiayuguan,CN,2022-31-09/19/22 15:31:50,39.8167,98.3,60.46,54,0,6.08
368,Kamenka,RU,2022-31-09/19/22 15:31:50,51.3223,42.7678,56.88,54,0,8.39
369,Camapua,BR,2022-31-09/19/22 15:31:51,-19.5314,-54.0439,96.1,30,38,14.65
370,Huarmey,PE,2022-31-09/19/22 15:31:51,-10.0681,-78.1522,67.32,74,38,9.98
371,Mariestad,SE,2022-31-09/19/22 15:31:52,58.7097,13.8237,56.37,72,100,14.27
372,Faanui,PF,2022-32-09/19/22 15:32:53,-16.4833,-151.75,78.62,69,5,16.69
373,Kontagora,NG,2022-32-09/19/22 15:32:54,10.3999,5.4695,74.64,92,97,3.76
374,Andros Town,BS,2022-32-09/19/22 15:32:55,24.7,-77.7667,87.76,68,54,9.69
375,Mackay,AU,2022-32-09/19/22 15:32:56,-21.15,149.2,74.68,94,9,3.56
376,Biu,NG,2022-32-09/19/22 15:32:56,10.6129,12.1946,71.04,85,94,3.44
377,Niquero,CU,2022-32-09/19/22 15:32:57,20.0431,-77.5828,88.2,56,0,6.2
378,San Patricio,US,2022-32-09/19/22 15:32:57,28.017,-97.5169,89.55,58,5,6.13
379,Hailin,CN,2022-32-09/19/22 15:32:58,44.5833,129.4167,35.11,41,0,3.51
380,Norman Wells,CA,2022-32-09/19/22 15:32:58,65.282,-126.8329,39.24,87,75,3.44
381,Tazovskiy,RU,2022-32-09/19/22 15:32:59,67.4667,78.7,35.01,81,84,15.05
382,Presidente Olegario,BR,2022-33-09/19/22 15:33:00,-18.4178,-46.4181,86.67,30,0,7.11
383,Binzhou,CN,2022-33-09/19/22 15:33:00,37.3667,118.0167,63.79,39,56,3.62
384,Vila,PT,2022-33-09/19/22 15:33:01,42.0304,-8.1588,73.71,50,66,5.7
385,Yabrud,SY,2022-33-09/19/22 15:33:02,33.9674,36.6574,71.69,38,0,2.37
386,Limon,CR,2022-33-09/19/22 15:33:04,10.0,-83.0333,85.89,70,0,5.75
387,Champerico,GT,2022-33-09/19/22 15:33:04,14.3,-91.9167,84.74,75,100,5.01
388,Duverge,DO,2022-33-09/19/22 15:33:05,18.3784,-71.5247,84.25,48,99,2.42
389,Nanchang,CN,2022-33-09/19/22 15:33:06,28.6833,115.8833,75.29,45,0,9.42
390,San Francisco,US,2022-31-09/19/22 15:31:34,37.7749,-122.4194,64.87,87,20,6.91
391,Hamilton,US,2022-33-09/19/22 15:33:07,39.1834,-84.5333,81.75,76,0,14.97
392,Lagos,NG,2022-31-09/19/22 15:31:06,6.5833,3.75,77.32,91,100,10.0
393,La Paz,BO,2022-29-09/19/22 15:29:07,-16.5,-68.15,58.98,15,40,8.05
394,Saint-Georges,GD,2022-33-09/19/22 15:33:08,12.0564,-61.7485,85.68,74,20,20.71
395,Okakarara,NA,2022-33-09/19/22 15:33:10,-20.5833,17.4333,82.08,11,0,13.85
396,Kahului,US,2022-31-09/19/22 15:31:47,20.8947,-156.47,77.02,74,40,6.91
397,Liuhe,CN,2022-33-09/19/22 15:33:12,42.2401,125.7172,35.98,54,0,1.19
398,Brae,GB,2022-33-09/19/22 15:33:12,60.3964,-1.353,50.97,60,12,4.97
399,Dese,ET,2022-33-09/19/22 15:33:13,11.1333,39.6333,56.17,84,99,1.92
400,Zhigansk,RU,2022-33-09/19/22 15:33:14,66.7697,123.3711,29.21,82,90,4.03
401,Cherskiy,RU,2022-33-09/19/22 15:33:16,68.75,161.3,30.2,74,83,6.69
402,Pangnirtung,CA,2022-33-09/19/22 15:33:16,66.1451,-65.7125,41.0,100,100,12.66
403,Sao Felix Do Xingu,BR,2022-33-09/19/22 15:33:17,-6.6447,-51.995,100.54,23,59,5.1
404,Fairview,US,2022-30-09/19/22 15:30:54,40.8126,-73.999,85.78,54,0,8.05
405,Jodhpur,IN,2022-33-09/19/22 15:33:19,26.2867,73.03,87.17,46,1,10.58
406,Isangel,VU,2022-33-09/19/22 15:33:20,-19.55,169.2667,73.51,94,20,0.0
407,Dhidhdhoo,MV,2022-33-09/19/22 15:33:20,6.8833,73.1,81.66,77,100,11.48
408,Seoul,KR,2022-32-09/19/22 15:32:21,37.5683,126.9778,67.44,73,0,8.05
409,Millinocket,US,2022-30-09/19/22 15:30:38,45.6573,-68.7098,62.42,58,0,0.0
410,Kuusamo,FI,2022-33-09/19/22 15:33:21,65.9667,29.1833,48.24,87,100,10.36
411,Nanortalik,GL,2022-33-09/19/22 15:33:22,60.1432,-45.2371,43.0,98,100,7.61
412,Aksarka,RU,2022-33-09/19/22 15:33:23,66.5606,67.7975,45.54,84,79,6.2
413,Puerto Colombia,CO,2022-33-09/19/22 15:33:23,10.9878,-74.9547,80.69,72,94,12.82
414,Kangavar,IR,2022-33-09/19/22 15:33:24,34.5043,47.9653,79.0,14,6,10.0
415,Aboso,GH,2022-33-09/19/22 15:33:24,5.3617,-1.9473,78.48,82,98,6.89
416,La Rioja,ES,2022-33-09/19/22 15:33:25,42.25,-2.5,76.78,35,100,4.72
417,Perth,AU,2022-30-09/19/22 15:30:31,-31.9333,115.8333,56.34,72,75,5.75
418,Isla Mujeres,MX,2022-33-09/19/22 15:33:26,21.2311,-86.731,86.16,64,0,5.88
419,Loding,NO,2022-34-09/19/22 15:34:26,67.3,14.75,50.85,84,75,12.66
420,Tottori,JP,2022-34-09/19/22 15:34:14,35.5,134.2333,67.03,90,100,29.39
421,San Quintin,MX,2022-30-09/19/22 15:30:43,30.4833,-115.95,68.88,74,3,9.71
422,Malinovoye Ozero,RU,2022-34-09/19/22 15:34:28,51.6753,79.7825,54.63,34,0,5.37
423,San Juan,AR,2022-30-09/19/22 15:30:54,-31.5375,-68.5364,52.95,53,96,7.65
424,Morgan City,US,2022-34-09/19/22 15:34:29,29.6994,-91.2068,87.03,58,0,4.47
425,Vagur,FO,2022-34-09/19/22 15:34:29,61.4732,-6.8119,51.28,90,98,23.38
426,Ilinskiy,RU,2022-34-09/19/22 15:34:30,55.619,38.1182,52.14,82,75,18.01
427,Sulangan,PH,2022-34-09/19/22 15:34:30,11.1373,123.7228,84.24,71,100,5.61
428,Pochutla,MX,2022-34-09/19/22 15:34:31,15.7432,-96.4661,78.62,72,42,3.94
429,Buraydah,SA,2022-34-09/19/22 15:34:31,26.326,43.975,102.65,9,7,8.63
430,Springfield,US,2022-32-09/19/22 15:32:43,37.2153,-93.2982,84.92,65,0,10.36
431,Kimbe,PG,2022-34-09/19/22 15:34:32,-5.5502,150.1429,75.54,91,100,7.14
432,Akyab,MM,2022-34-09/19/22 15:34:33,20.15,92.9,80.47,86,73,13.78
433,Shelburne,CA,2022-34-09/19/22 15:34:34,44.0787,-80.2041,72.12,85,84,16.37
434,Cairns,AU,2022-34-09/19/22 15:34:35,-16.9167,145.7667,75.15,90,88,3.44
435,Khonsa,IN,2022-34-09/19/22 15:34:35,27.0167,95.5667,68.81,98,27,5.35
436,Half Moon Bay,US,2022-34-09/19/22 15:34:36,37.4636,-122.4286,64.31,89,0,0.0
437,Caucaia,BR,2022-34-09/19/22 15:34:00,-3.7361,-38.6531,85.95,58,20,25.32
438,Georgiyevka,KZ,2022-34-09/19/22 15:34:37,43.0369,74.7114,68.04,42,0,4.47
439,Sladkovo,RU,2022-34-09/19/22 15:34:38,55.5284,70.3385,64.26,41,100,5.93
440,Puerto Madero,MX,2022-34-09/19/22 15:34:38,14.7208,-92.4215,82.6,83,40,0.0
441,Juneau,US,2022-30-09/19/22 15:30:19,58.3019,-134.4197,47.21,97,75,0.0
442,Kyzyl-Suu,KG,2022-34-09/19/22 15:34:40,42.3414,78.0056,57.72,53,52,3.13
443,College,US,2022-34-09/19/22 15:34:40,64.8569,-147.8028,45.9,82,75,4.61
444,Adre,TD,2022-34-09/19/22 15:34:41,13.4667,22.2,87.66,44,75,4.63
445,Hofn,IS,2022-34-09/19/22 15:34:41,64.2539,-15.2082,50.02,93,100,11.5
446,Palmer,US,2022-34-09/19/22 15:34:42,42.1584,-72.3287,78.51,72,75,4.61
447,Paamiut,GL,2022-34-09/19/22 15:34:42,61.994,-49.6678,43.3,80,16,9.73
448,Vestmannaeyjar,IS,2022-34-09/19/22 15:34:43,63.4427,-20.2734,52.79,93,100,23.02
449,Namibe,AO,2022-34-09/19/22 15:34:43,-15.1961,12.1522,72.23,73,0,13.8
450,Tomelloso,ES,2022-34-09/19/22 15:34:44,39.1522,-3.0243,83.52,28,8,8.01
451,Kununurra,AU,2022-31-09/19/22 15:31:10,-15.7667,128.7333,76.98,65,7,4.61
452,Boyolangu,ID,2022-34-09/19/22 15:34:45,-8.1181,111.8935,75.45,84,78,8.05
453,Plettenberg Bay,ZA,2022-34-09/19/22 15:34:46,-34.0527,23.3716,56.53,69,42,8.97
454,Sao Gabriel Da Cachoeira,BR,2022-34-09/19/22 15:34:47,-0.1303,-67.0892,95.36,40,46,2.66
455,Tahta,EG,2022-34-09/19/22 15:34:47,26.7693,31.5021,90.01,20,0,12.26
456,Pierre,US,2022-34-09/19/22 15:34:48,44.3683,-100.351,76.28,68,0,18.41
457,Berlevag,NO,2022-34-09/19/22 15:34:48,70.8578,29.0864,44.55,87,75,21.85
458,Kataysk,RU,2022-34-09/19/22 15:34:49,56.289,62.5841,65.84,66,77,8.46
459,Nova Olinda Do Norte,BR,2022-34-09/19/22 15:34:49,-3.8881,-59.0942,100.36,30,20,5.91
460,Port Lincoln,AU,2022-30-09/19/22 15:30:54,-34.7333,135.8667,59.25,68,24,23.44
461,Annau,TM,2022-34-09/19/22 15:34:50,37.8876,58.516,83.7,23,0,4.61
462,Avera,US,2022-34-09/19/22 15:34:50,33.194,-82.5271,81.91,49,0,8.59
463,Lishui,CN,2022-34-09/19/22 15:34:51,28.4604,119.9103,65.43,80,0,4.14
464,Barga,IT,2022-34-09/19/22 15:34:52,44.0742,10.4808,74.71,86,83,0.96
465,Vasto,IT,2022-35-09/19/22 15:35:53,42.1243,14.7059,73.69,42,3,5.66
466,Sabha,LY,2022-35-09/19/22 15:35:53,27.0377,14.4283,99.66,9,0,6.96
467,Mawlaik,MM,2022-35-09/19/22 15:35:54,23.6333,94.4167,76.23,98,8,0.72
468,Genhe,CN,2022-35-09/19/22 15:35:56,50.7833,121.5167,29.52,64,78,3.49
469,La Palma,US,2022-32-09/19/22 15:32:22,33.8464,-118.0467,70.9,81,40,3.44
470,Choix,MX,2022-35-09/19/22 15:35:57,26.7092,-108.3219,80.67,79,100,2.51
471,Ustye,RU,2022-35-09/19/22 15:35:57,59.6304,39.736,50.41,76,53,15.77
472,Bom Jardim,BR,2022-35-09/19/22 15:35:58,-7.7958,-35.5872,86.05,35,69,12.73
473,Shaunavon,CA,2022-35-09/19/22 15:35:58,49.6501,-108.4181,55.18,56,83,8.55
474,Loralai,PK,2022-35-09/19/22 15:35:59,30.3705,68.598,77.61,42,0,7.72
475,Manakara,MG,2022-36-09/19/22 15:36:00,-22.1333,48.0167,69.26,84,0,7.25
476,Upata,VE,2022-36-09/19/22 15:36:02,8.0086,-62.3989,87.19,54,15,5.75
477,Smiltene,LV,2022-36-09/19/22 15:36:02,57.4244,25.9016,50.56,75,100,7.7
478,Baghdad,IQ,2022-31-09/19/22 15:31:50,33.3406,44.4009,100.31,17,0,1.14
479,Talcahuano,CL,2022-36-09/19/22 15:36:04,-36.7167,-73.1167,49.68,66,20,6.91
480,Rio Gallegos,AR,2022-36-09/19/22 15:36:05,-51.6226,-69.2181,51.85,32,0,18.41
481,Port Moresby,PG,2022-36-09/19/22 15:36:06,-9.4431,147.1797,72.82,94,40,5.75
482,Katherine,AU,2022-36-09/19/22 15:36:07,-14.4667,132.2667,84.52,54,66,4.61
483,Wajima,JP,2022-36-09/19/22 15:36:07,37.4,136.9,74.84,94,100,29.06
484,Jacmel,HT,2022-36-09/19/22 15:36:08,18.2342,-72.5347,89.44,56,67,1.7
485,Kiruna,SE,2022-36-09/19/22 15:36:08,67.8557,20.2251,43.72,70,40,11.5
486,Tupancireta,BR,2022-36-09/19/22 15:36:09,-29.0806,-53.8358,57.99,98,100,5.14
487,Kandrian,PG,2022-36-09/19/22 15:36:09,-6.2167,149.55,76.64,92,100,10.94
488,Cairo,EG,2022-31-09/19/22 15:31:17,30.0626,31.2497,88.56,42,40,9.22
489,Vila Velha,BR,2022-35-09/19/22 15:35:57,-20.3297,-40.2925,75.15,74,20,14.97
490,Mayumba,GA,2022-36-09/19/22 15:36:11,-3.432,10.6554,76.75,83,82,9.91
491,Miraflores,MX,2022-36-09/19/22 15:36:11,19.2167,-98.8083,63.97,68,79,1.32
492,Port Macquarie,AU,2022-36-09/19/22 15:36:12,-31.4333,152.9167,55.89,73,0,5.73
493,Jalu,LY,2022-36-09/19/22 15:36:13,29.0331,21.5482,96.08,17,0,11.1
494,Mwinilunga,ZM,2022-34-09/19/22 15:34:15,-11.7358,24.4293,74.8,47,94,4.5
495,Byron Bay,AU,2022-36-09/19/22 15:36:14,-28.65,153.6167,58.95,59,0,8.3
496,Fairbanks,US,2022-36-09/19/22 15:36:14,64.8378,-147.7164,45.91,83,0,4.61
497,Yerbogachen,RU,2022-36-09/19/22 15:36:15,61.2767,108.0108,41.04,97,100,7.92
498,Acobamba,PE,2022-36-09/19/22 15:36:15,-11.3525,-75.6594,64.53,50,43,6.91
499,Bundaberg,AU,2022-36-09/19/22 15:36:16,-24.85,152.35,65.21,99,100,0.0
500,Gilgit,PK,2022-36-09/19/22 15:36:17,35.9221,74.3087,78.26,38,26,4.18
501,Qui Nhon,VN,2022-36-09/19/22 15:36:17,13.7667,109.2333,79.29,84,100,6.17
502,Bathsheba,BB,2022-36-09/19/22 15:36:18,13.2167,-59.5167,88.41,62,20,16.11
503,Hervey Bay,AU,2022-36-09/19/22 15:36:19,-25.2986,152.8535,70.02,92,1,11.99
504,Zemio,CF,2022-36-09/19/22 15:36:20,5.0314,25.1361,78.66,78,53,3.2
505,Yeppoon,AU,2022-36-09/19/22 15:36:21,-23.1333,150.7333,65.98,94,1,3.85
506,Olafsvik,IS,2022-36-09/19/22 15:36:21,64.8945,-23.7142,50.31,97,100,12.41
507,Otjimbingwe,NA,2022-36-09/19/22 15:36:22,-22.35,16.1333,75.4,6,0,15.59
508,Bure,ET,2022-36-09/19/22 15:36:22,10.7,37.0667,57.29,95,92,3.4
509,Varhaug,NO,2022-36-09/19/22 15:36:23,58.6147,5.6457,56.48,64,42,18.3
510,Taksimo,RU,2022-36-09/19/22 15:36:24,56.3444,114.8794,34.45,79,61,3.89
511,Yuanping,CN,2022-37-09/19/22 15:37:25,38.7153,112.7575,52.16,91,100,4.74
512,Arys,KZ,2022-37-09/19/22 15:37:27,42.4252,68.795,76.66,19,0,10.4
513,Warrnambool,AU,2022-37-09/19/22 15:37:27,-38.3833,142.4833,45.77,91,1,10.47
514,Gwadar,PK,2022-37-09/19/22 15:37:28,25.1216,62.3254,80.11,77,0,12.06
515,Kulhudhuffushi,MV,2022-36-09/19/22 15:36:12,6.6221,73.07,82.08,75,100,11.45
516,Mbini,GQ,2022-37-09/19/22 15:37:28,1.574,9.6134,76.78,83,100,5.97
517,Comodoro Rivadavia,AR,2022-37-09/19/22 15:37:29,-45.8667,-67.5,42.66,75,100,9.22
518,Altamira,BR,2022-37-09/19/22 15:37:30,-3.2033,-52.2064,89.69,66,75,5.75
519,Husavik,IS,2022-37-09/19/22 15:37:30,66.0449,-17.3389,59.54,70,99,9.66
520,Trincomalee,LK,2022-37-09/19/22 15:37:31,8.5711,81.2335,82.11,72,100,15.08
521,Yambio,SS,2022-37-09/19/22 15:37:31,4.5721,28.3955,71.94,91,85,5.1
522,Kpandu,GH,2022-37-09/19/22 15:37:32,6.9954,0.2931,72.77,94,100,5.23
523,Wagar,SD,2022-37-09/19/22 15:37:32,16.1525,36.2032,100.44,18,55,6.33
524,Fort Smith,US,2022-37-09/19/22 15:37:33,35.3859,-94.3986,86.34,63,0,5.75
525,Jurado,CO,2022-37-09/19/22 15:37:34,7.1053,-77.7641,81.61,74,100,6.96
526,Bazarnyy Syzgan,RU,2022-37-09/19/22 15:37:34,53.7512,46.7535,56.82,80,100,13.2
527,Flin Flon,CA,2022-37-09/19/22 15:37:35,54.7682,-101.865,55.24,82,20,6.91
528,Luderitz,NA,2022-37-09/19/22 15:37:36,-26.6481,15.1594,59.27,59,0,32.19
529,Sistranda,NO,2022-37-09/19/22 15:37:36,63.7256,8.834,49.96,68,31,15.55
530,Lagoa,PT,2022-37-09/19/22 15:37:37,39.05,-27.9833,74.3,84,6,9.08
531,Kulykivka,UA,2022-37-09/19/22 15:37:37,51.3735,31.6466,52.21,70,39,9.22
532,Montepuez,MZ,2022-37-09/19/22 15:37:38,-13.1256,38.9997,78.1,50,48,12.86
533,Aykhal,RU,2022-37-09/19/22 15:37:39,66.0,111.5,36.03,99,100,6.44
534,Kupang,ID,2022-37-09/19/22 15:37:39,-10.1667,123.5833,78.04,80,93,9.53
535,Wewak,PG,2022-37-09/19/22 15:37:40,-3.5534,143.6268,81.14,82,95,5.44
536,Wattegama,LK,2022-37-09/19/22 15:37:40,6.7989,81.4808,79.95,71,100,5.88
537,Nushki,PK,2022-37-09/19/22 15:37:41,29.5542,66.0215,84.7,11,0,2.91
538,Beloha,MG,2022-37-09/19/22 15:37:42,-25.1667,45.05,76.37,51,1,13.2
539,Nouakchott,MR,2022-37-09/19/22 15:37:42,18.0858,-15.9785,94.93,56,68,14.34
540,Soe,ID,2022-37-09/19/22 15:37:43,-9.8607,124.284,64.6,86,99,3.15
541,Turukhansk,RU,2022-37-09/19/22 15:37:44,65.8167,87.9833,45.9,96,99,7.52
542,Dodge City,US,2022-37-09/19/22 15:37:16,37.7528,-100.0171,84.25,50,0,13.8
543,Moron,AR,2022-37-09/19/22 15:37:44,-34.6534,-58.6198,67.95,68,100,9.84
544,Tual,ID,2022-37-09/19/22 15:37:45,-5.6667,132.75,81.46,80,86,12.62
545,Akdepe,TM,2022-37-09/19/22 15:37:46,42.0551,59.3788,77.09,20,0,10.54
546,Praia Da Vitoria,PT,2022-37-09/19/22 15:37:47,38.7333,-27.0667,80.85,74,20,7.94
547,Teguise,ES,2022-37-09/19/22 15:37:48,29.0605,-13.564,75.42,73,40,3.44
548,Ayan,RU,2022-37-09/19/22 15:37:49,56.45,138.1667,40.51,71,100,18.03
549,San Juan De Colon,VE,2022-37-09/19/22 15:37:50,8.0313,-72.2605,76.59,78,96,3.22
550,Bilibino,RU,2022-37-09/19/22 15:37:52,68.0546,166.4372,23.9,88,11,2.08
551,Calituban,PH,2022-37-09/19/22 15:37:52,10.24,124.2919,82.49,74,100,8.72
552,Taybad,IR,2022-37-09/19/22 15:37:53,34.74,60.7756,78.06,21,0,10.45
553,Telimele,GN,2022-37-09/19/22 15:37:53,10.9167,-13.3333,75.87,91,92,5.53
554,Pacific Grove,US,2022-37-09/19/22 15:37:54,36.6177,-121.9166,62.02,94,40,1.99
555,Casper,US,2022-37-09/19/22 15:37:54,42.8666,-106.3131,71.73,27,0,19.57
556,Mountain Home,US,2022-36-09/19/22 15:36:32,43.133,-115.6912,53.08,76,0,10.36
557,Kenora,CA,2022-38-09/19/22 15:38:55,49.8167,-94.4337,61.77,77,20,5.75
558,Zarubino,RU,2022-38-09/19/22 15:38:56,42.63,131.0922,46.6,40,0,18.03
559,Satipo,PE,2022-38-09/19/22 15:38:57,-11.2522,-74.6386,90.77,43,53,2.64
560,Ribita,RO,2022-38-09/19/22 15:38:57,46.1833,22.7667,50.4,89,100,6.17
561,Itaituba,BR,2022-38-09/19/22 15:38:58,-4.2761,-55.9836,93.36,55,20,5.75
562,Lincoln,US,2022-35-09/19/22 15:35:57,40.8,-96.667,83.14,85,0,9.22
563,La Orilla,MX,2022-39-09/19/22 15:39:00,17.9833,-102.2333,74.75,96,100,2.86
564,Yinchuan,CN,2022-39-09/19/22 15:39:00,38.4681,106.2731,55.6,72,99,3.67
565,Misratah,LY,2022-34-09/19/22 15:34:24,32.3754,15.0925,87.76,53,6,18.01
566,Miri,MY,2022-39-09/19/22 15:39:02,4.4148,114.0089,77.14,94,40,3.44
567,Prince Rupert,CA,2022-38-09/19/22 15:38:15,54.3161,-130.3201,53.29,94,0,28.77
568,Pilar Do Sul,BR,2022-39-09/19/22 15:39:03,-23.8131,-47.7164,75.38,41,52,2.33
569,Long Beach,US,2022-39-09/19/22 15:39:03,33.767,-118.1892,71.42,81,0,3.44
570,Chufarovo,RU,2022-39-09/19/22 15:39:04,54.0963,47.3367,60.06,79,100,14.58
571,Aksha,RU,2022-39-09/19/22 15:39:05,50.2814,113.2867,41.85,63,91,4.83
572,Saint George,US,2022-35-09/19/22 15:35:11,37.1041,-113.5841,73.8,36,0,1.99
573,Golden,US,2022-39-09/19/22 15:39:06,39.7555,-105.2211,80.49,35,20,5.01
574,Snyder,US,2022-39-09/19/22 15:39:07,32.7179,-100.9176,82.31,65,0,11.5
575,Mutoko,ZW,2022-39-09/19/22 15:39:07,-17.397,32.2268,74.77,22,0,6.71
576,Ovsyanka,RU,2022-39-09/19/22 15:39:08,55.9575,92.5519,51.22,77,100,9.91
577,Olinda,BR,2022-39-09/19/22 15:39:08,-8.0089,-34.8553,82.13,65,20,13.8
578,Urucara,BR,2022-39-09/19/22 15:39:09,-2.5364,-57.76,100.18,29,58,4.79
579,Sattenapalle,IN,2022-39-09/19/22 15:39:10,16.4,80.1833,75.36,93,100,9.98
580,Talas,TR,2022-39-09/19/22 15:39:10,38.6908,35.5538,79.47,28,20,4.61
581,Sambava,MG,2022-39-09/19/22 15:39:11,-14.2667,50.1667,71.15,86,0,11.54
582,La Tijera,MX,2022-39-09/19/22 15:39:12,19.9,-104.4,62.76,87,99,2.39
583,Berbera,SO,2022-39-09/19/22 15:39:12,10.4396,45.0143,91.45,61,62,5.97
584,Zaysan,KZ,2022-39-09/19/22 15:39:13,47.4667,84.8667,59.09,26,2,4.05
585,Rumonge,BI,2022-39-09/19/22 15:39:14,-3.9736,29.4386,78.24,66,93,2.13
586,Tigil,RU,2022-39-09/19/22 15:39:15,57.8,158.6667,40.33,59,87,7.49
587,Grindavik,IS,2022-39-09/19/22 15:39:15,63.8424,-22.4338,53.55,100,75,24.16
588,Yulara,AU,2022-39-09/19/22 15:39:16,-25.2406,130.9889,72.77,20,8,10.69
589,Jumla,NP,2022-39-09/19/22 15:39:16,29.2747,82.1838,59.81,90,81,2.89
590,Anadyr,RU,2022-39-09/19/22 15:39:17,64.75,177.4833,34.3,93,0,8.95
591,Mayo,US,2022-39-09/19/22 15:39:18,38.8876,-76.5119,86.49,69,0,4.61
592,Kirakira,SB,2022-39-09/19/22 15:39:19,-10.4544,161.9205,79.07,86,100,10.58
593,Aasiaat,GL,2022-39-09/19/22 15:39:19,68.7098,-52.8699,37.15,92,74,4.27
594,Padang,ID,2022-39-09/19/22 15:39:20,-0.9492,100.3543,77.05,85,100,3.29
595,Vardo,NO,2022-39-09/19/22 15:39:21,70.3705,31.1107,46.38,93,75,17.27
596,Paragominas,BR,2022-34-09/19/22 15:34:46,-2.9667,-47.4833,97.77,32,93,5.66
597,Bath,GB,2022-39-09/19/22 15:39:22,51.3779,-2.3591,65.88,68,85,5.41
